Name,AtomicNumber,NeutronsNumber,Period,Isotope1,BindingEnergy
Hydrogen,1,0,0,H-1,0
Helium,2,2,0,He-4,28.3
Lithium,3,4,1,Li-7,39.24
Beryllium,4,5,1,Be-9,58.16
Boron,5,6,1,B-11,76.2
Carbon,6,6,1,C-12,92.16
Nitrogen,7,7,1,N-14,104.66
Oxygen,8,8,1,O-16,127.62
Fluorine,9,10,1,F-19,144.41
Neon,10,10,1,Ne-20,160.64
Sodium,11,12,2,Na-23,186.56
Magnesium,12,12,2,Mg-24,198.26
Aluminum,13,14,2,Al-27,224.95
Silicon,14,14,2,Si-28,236.54
Phosphorus,15,16,2,P-31,261.99
Sulfur,16,16,2,S-32,271.78
Chlorine,17,18,2,Cl-35,296.39
Argon,18,22,2,Ar-40,342.05
Potassium,19,20,4,K-39,343.81
Calcium,20,20,4,Ca-40,342.05
Scandium,21,24,4,Sc-45,388.13
Titanium,22,26,4,Ti-48,419.99
Vanadium,23,28,4,V-51,446.35
Chromium,24,28,4,Cr-52,457.24
Manganese,25,30,4,Mn-55,482.36
Iron,26,30,4,Fe-56,492.26
Cobalt,27,32,4,Co-59,517.97
Nickel,28,31,4,Ni-60,506.46
Copper,29,34,4,Cu-63,550.15
Zinc,30,35,4,Zn-65,573.55
Gallium,31,39,4,Ga-70,591.86
Germanium,32,41,4,Ge-73,621.7
Arsenic,33,42,4,As-75,641.86
Selenium,34,45,4,Se-79,675.63
Bromine,35,45,4,Br-80,685.69
Krypton,36,48,4,Kr-84,713.58
Rubidium,37,48,8,Rb-85,723.73
Strontium,38,50,8,Sr-88,747.01
Yttrium,39,50,8,Y-89,757.79
Zirconium,40,51,8,Zr-91,779.54
Niobium,41,52,8,Nb-93,798.58
Molybdenum,42,54,8,Mo-96,825.14
Technetium,43,55,8,Tc-98,841.47
Ruthenium,44,57,8,Ru-101,867.61
Rhodium,45,58,8,Rh-103,884.48
Palladium,46,60,8,Pd-106,909.29
Silver,47,61,8,Ag-108,925.06
Cadmium,48,64,8,Cd-112,951.97
Indium,49,66,8,In-115,973.13
Tin,50,69,8,Sn-119,1004.54
Antimony,51,71,8,Sb-122,1027.62
Tellurium,52,76,8,Te-128,1071.73
Iodine,53,74,8,I-127,1065.33
Xenon,54,77,8,Xe-131,1093.94
Cesium,55,78,12,Cs-133,1111.93
Barium,56,81,12,Ba-137,1140.17
Lanthanum,57,82,12,La-139,1152
Cerium,58,82,12,Ce-140,1170.33
Praseodymium,59,82,12,Pr-141,1178.37
Neodymium,60,84,12,Nd-144,1204.52
Promethium,61,84,12,Pm-145,1212.53
Samarium,62,88,12,Sm-150,1253.89
Europium,63,89,12,Eu-152,1268.93
Gadolinium,64,93,12,Gd-157,1310.25
Terbium,65,94,12,Tb-159,1325.28
Dysprosium,66,97,12,Dy-163,1358.38
Holmium,67,98,12,Ho-165,1372.65
Erbium,68,99,12,Er-167,1386.95
Thulium,69,100,12,Tm-169,1400.57
Ytterbium,70,103,12,Yb-173,1429.49
Lutetium,71,104,12,Lu-175,1443.14
Hafnium,72,106,12,Hf-178,1466.73
Tantalum,73,108,12,Ta-181,1490.31
Tungsten,74,110,12,W-184,1513.87
Rhenium,75,111,12,Re-186,1527.35
Osmium,76,114,12,Os-190,1556.72
Iridium,77,115,12,Ir-192,1570.24
Platinum,78,117,12,Pt-195,1593.78
Gold,79,118,12,Au-197,1607.26
Mercury,80,122,12,Hg-202,1641.99
Thallium,81,124,12,Tl-205,1665.61
Lead,82,126,12,Pb-208,1688.62
Bismuth,83,126,12,Bi-209,1696.36
Polonium,84,125,12,Po-209,1693.55
Astatine,85,125,12,At-210,1699
Radon,86,136,12,Rn-222,1774.5
Francium,87,136,16,Fr-223,1779.9
Radium,88,138,16,Ra-226,1799.55
Actinium,89,138,16,Ac-227,1807.04
Thorium,90,142,16,Th-232,1841.78
Protactinium,91,140,16,Pa-231,1836.1
Uranium,92,146,16,U-238,1783.88
Neptunium,93,144,16,Np-237,1780.41
Plutonium,94,150,16,Pu-244,1801.43
Americium,95,148,16,Am-243,1794.64
Curium,96,151,16,Cm-247,1814.29
Berkelium,97,150,16,Bk-247,1811.57
Californium,98,153,16,Cf-251,1832.06
Einsteinium,99,153,16,Es-252,1837.45
Fermium,100,157,16,Fm-257,1866.56
Mendelevium,101,157,16,Md-258,1871.96
Nobelium,102,157,16,No-259,1877.37
Lawrencium,103,159,16,Lr-262,1893.47
Rutherfordium,104,157,16,Rf-261,1884.67
Dubnium,105,157,16,Db-262,1890.07
Seaborgium,106,160,16,Sg-266,1915.88
Bohrium,107,161,16,Bh-270,1940
Hassium,108,163,16,Hs-269,1934.55
Meitnerium,109,169,16,Mt-278,1990
Darmstadtium,110,171,16,Ds-281,2010
Roentgenium,111,173,16,Rg-282,2020
Copernicium,112,173,16,Cn-285,2040
Nihonium,113,173,16,Nh-286,2045
Flerovium,114,175,16,Fl-289,2060
Moscovium,115,176,16,Mc-290,2065
Livermorium,116,177,16,Lv-293,2080
Tennessine,117,177,16,Ts-294,2085
Oganesson,118,176,16,Og-294,2088
